lhub_ts,_count,username,startTime,endTime
,9398,cxg045,1534266000000,1534280400000
,17133,iki289,1534266000000,1534280400000
,42832,crv194,1534266000000,1534280400000
,13605,oyl072,1534266000000,1534280400000
,28546,uci706,1534266000000,1534280400000
,26034,xjo527,1534266000000,1534280400000
,4096,ozx895,1534266000000,1534280400000
,14790,rfy032,1534266000000,1534280400000
,30680,goa759,1534266000000,1534280400000
,22936,com027,1534266000000,1534280400000
,24450,can924,1534266000000,1534280400000
,5370,rlw341,1534266000000,1534280400000
,3571,ubr305,1534266000000,1534280400000
,25876,qxs444,1534266000000,1534280400000
,19434,hhl202,1534266000000,1534280400000
,23296,ouv154,1534266000000,1534280400000
,22351,hpq395,1534266000000,1534280400000
,16019,zzf210,1534266000000,1534280400000
,19241,aqq259,1534266000000,1534280400000
,1930,apv620,1534266000000,1534280400000
,18454,zym435,1534266000000,1534280400000
,2556,htk846,1534266000000,1534280400000
,11597,ube563,1534266000000,1534280400000
,8393,kpr004,1534266000000,1534280400000
,13449,ajl468,1534266000000,1534280400000
,13519,ynm964,1534266000000,1534280400000
,15915,sjs512,1534266000000,1534280400000
,653,ypj353,1534266000000,1534280400000
,5223,brq271,1534266000000,1534280400000
,7693,uqa830,1534266000000,1534280400000
,17476,rnc464,1534266000000,1534280400000
,4060,nxb931,1534266000000,1534280400000
,318,vhi675,1534266000000,1534280400000
,10539,onv042,1534266000000,1534280400000
,2321,kgp847,1534266000000,1534280400000
,13745,nsd612,1534266000000,1534280400000
,11796,nwd453,1534266000000,1534280400000
,2255,xlv764,1534266000000,1534280400000
,7657,qud660,1534266000000,1534280400000
,14047,oce165,1534266000000,1534280400000
,15118,zey201,1534266000000,1534280400000
,13366,rbm575,1534266000000,1534280400000
,2556,umw306,1534266000000,1534280400000
,8346,vtq948,1534266000000,1534280400000
,6012,ebr253,1534266000000,1534280400000
,4740,nvb316,1534266000000,1534280400000
,14107,alj599,1534266000000,1534280400000
,13332,ijz784,1534266000000,1534280400000
,12368,cfs080,1534266000000,1534280400000
,13301,cbb668,1534266000000,1534280400000
,13927,qcb458,1534266000000,1534280400000
,3496,ozq407,1534266000000,1534280400000
,13257,sta342,1534266000000,1534280400000
,4672,haq492,1534266000000,1534280400000
,10532,jpf330,1534266000000,1534280400000
,9715,ovt076,1534266000000,1534280400000
,13790,hoq165,1534266000000,1534280400000
,12093,ysp517,1534266000000,1534280400000
,13294,usg609,1534266000000,1534280400000
,4876,jhi337,1534266000000,1534280400000
,12914,lxc962,1534266000000,1534280400000
,11848,clr481,1534266000000,1534280400000
,10067,efu072,1534266000000,1534280400000
,11087,vmu914,1534266000000,1534280400000
,2049,ioa090,1534266000000,1534280400000
,2837,tbf919,1534266000000,1534280400000
,8614,stx862,1534266000000,1534280400000
,10303,paz219,1534266000000,1534280400000
,11710,etb667,1534266000000,1534280400000
,1125,hgs503,1534266000000,1534280400000
,9330,nah657,1534266000000,1534280400000
,7238,jvn763,1534266000000,1534280400000
,12134,ipp216,1534266000000,1534280400000
,12555,klg701,1534266000000,1534280400000
,6960,bnp744,1534266000000,1534280400000
,8890,nub768,1534266000000,1534280400000
,11706,zny170,1534266000000,1534280400000
,9343,qcs470,1534266000000,1534280400000
,6570,pkd270,1534266000000,1534280400000
,9379,pyr918,1534266000000,1534280400000
,3004,xhv839,1534266000000,1534280400000
,2821,xaa967,1534266000000,1534280400000
,10443,qao910,1534266000000,1534280400000
,3818,oog704,1534266000000,1534280400000
,9408,ygg462,1534266000000,1534280400000
,7695,ecl698,1534266000000,1534280400000
,8832,pbu844,1534266000000,1534280400000
,10748,vor384,1534266000000,1534280400000
,6771,srr249,1534266000000,1534280400000
,11616,hps482,1534266000000,1534280400000
,8467,hia435,1534266000000,1534280400000
,11840,ucn049,1534266000000,1534280400000
,10087,ces822,1534266000000,1534280400000
,9951,kcf066,1534266000000,1534280400000
,338,rbb734,1534266000000,1534280400000
,8473,bft737,1534266000000,1534280400000
,9429,pcy520,1534266000000,1534280400000
,5647,gci539,1534266000000,1534280400000
,9882,ldq426,1534266000000,1534280400000
,6273,ltt304,1534266000000,1534280400000
,396,ncn253,1534266000000,1534280400000
,2861,pps520,1534266000000,1534280400000
,2002,ooj082,1534266000000,1534280400000
,4198,eoz599,1534266000000,1534280400000
,7405,zhb567,1534266000000,1534280400000
,382,rch928,1534266000000,1534280400000
,6494,oin885,1534266000000,1534280400000
,7831,owd950,1534266000000,1534280400000
,8914,xbp492,1534266000000,1534280400000
,7604,esf976,1534266000000,1534280400000
,5836,flq809,1534266000000,1534280400000
,1782,dza514,1534266000000,1534280400000
,3468,azn836,1534266000000,1534280400000
,4569,lcg516,1534266000000,1534280400000
,1563,lcn176,1534266000000,1534280400000
,2890,dsq289,1534266000000,1534280400000
,4772,juo636,1534266000000,1534280400000
,10435,bwh533,1534266000000,1534280400000
,8906,vgq668,1534266000000,1534280400000
,4761,lxk422,1534266000000,1534280400000
,207,dlt215,1534266000000,1534280400000
,2906,nbh549,1534266000000,1534280400000
,2055,axt116,1534266000000,1534280400000
,5878,qtv434,1534266000000,1534280400000
,4660,bcq099,1534266000000,1534280400000
,10516,iix556,1534266000000,1534280400000
,8501,wnb570,1534266000000,1534280400000
,2941,jrx304,1534266000000,1534280400000
,4865,avk788,1534266000000,1534280400000
,3112,cmk902,1534266000000,1534280400000
,6123,kcv619,1534266000000,1534280400000
,8615,lkv768,1534266000000,1534280400000
,5098,hvg150,1534266000000,1534280400000
,9760,ogo291,1534266000000,1534280400000
,6325,krr915,1534266000000,1534280400000
,6703,wbs052,1534266000000,1534280400000
,7073,onb042,1534266000000,1534280400000
,8022,lnc106,1534266000000,1534280400000
,252,piv099,1534266000000,1534280400000
,8747,jfz503,1534266000000,1534280400000
,8044,nwz629,1534266000000,1534280400000
,2446,hti531,1534266000000,1534280400000
,5920,hmg048,1534266000000,1534280400000
,8477,rdd108,1534266000000,1534280400000
,6930,qvl471,1534266000000,1534280400000
,186,paq942,1534266000000,1534280400000
,3249,mxs708,1534266000000,1534280400000
,4351,oxe412,1534266000000,1534280400000
,2589,rpt570,1534266000000,1534280400000
,3534,jdt385,1534266000000,1534280400000
,5940,axv829,1534266000000,1534280400000
,2158,acb394,1534266000000,1534280400000
,5799,rgs921,1534266000000,1534280400000
,6077,hso488,1534266000000,1534280400000
,37,dmy940,1534266000000,1534280400000
,2942,dkt619,1534266000000,1534280400000
,3751,dcu143,1534266000000,1534280400000
,6163,koe471,1534266000000,1534280400000
,6307,pqs062,1534266000000,1534280400000
,5475,sxz882,1534266000000,1534280400000
,7266,uin931,1534266000000,1534280400000
,6948,uql452,1534266000000,1534280400000
,2833,nbn951,1534266000000,1534280400000
,507,xww245,1534266000000,1534280400000
,7511,bxn265,1534266000000,1534280400000
,1122,fjq937,1534266000000,1534280400000
,5543,ktj868,1534266000000,1534280400000
,7986,jse385,1534266000000,1534280400000
,4060,xms152,1534266000000,1534280400000
,1956,lhj651,1534266000000,1534280400000
,7641,qnz749,1534266000000,1534280400000
,6469,fje519,1534266000000,1534280400000
,2087,tec520,1534266000000,1534280400000
,6295,yoy672,1534266000000,1534280400000
,2886,owi504,1534266000000,1534280400000
,7114,bla785,1534266000000,1534280400000
,1006,boe568,1534266000000,1534280400000
,3341,ckx768,1534266000000,1534280400000
,5926,roo143,1534266000000,1534280400000
,5830,iqg980,1534266000000,1534280400000
,2248,yrm060,1534266000000,1534280400000
,2314,hug139,1534266000000,1534280400000
,323,kfk277,1534266000000,1534280400000
,3730,yda904,1534266000000,1534280400000
,2393,dri709,1534266000000,1534280400000
,4990,mjg297,1534266000000,1534280400000
,4561,gsa250,1534266000000,1534280400000
,4297,wtn123,1534266000000,1534280400000
,2834,vhz326,1534266000000,1534280400000
,455,rtc327,1534266000000,1534280400000
,4794,bpg591,1534266000000,1534280400000
,7231,mhn363,1534266000000,1534280400000
,5485,goh923,1534266000000,1534280400000
,1770,oqm185,1534266000000,1534280400000
,4274,pxl234,1534266000000,1534280400000
,6367,udk995,1534266000000,1534280400000
,1832,kct031,1534266000000,1534280400000
,1575,xsc456,1534266000000,1534280400000
,5753,goa025,1534266000000,1534280400000
,5201,zam446,1534266000000,1534280400000
,6265,jlf378,1534266000000,1534280400000
,1514,mho578,1534266000000,1534280400000
,6700,tqk024,1534266000000,1534280400000
,2614,mtu414,1534266000000,1534280400000
,2629,cpt781,1534266000000,1534280400000
,1631,uvw494,1534266000000,1534280400000
,5364,ldy902,1534266000000,1534280400000
,5116,npv775,1534266000000,1534280400000
,6949,ioi962,1534266000000,1534280400000
,5329,ofv806,1534266000000,1534280400000
,863,mub721,1534266000000,1534280400000
,1771,wso911,1534266000000,1534280400000
,6762,yqb807,1534266000000,1534280400000
,1997,yjk588,1534266000000,1534280400000
,3377,xzv214,1534266000000,1534280400000
,6639,zdz946,1534266000000,1534280400000
,1346,doq481,1534266000000,1534280400000
,201,dgm357,1534266000000,1534280400000
,1665,ujm551,1534266000000,1534280400000
,2187,zlb813,1534266000000,1534280400000
,6934,jco656,1534266000000,1534280400000
,283,syd451,1534266000000,1534280400000
,1696,fup900,1534266000000,1534280400000
,2801,jfs106,1534266000000,1534280400000
,1556,wpt522,1534266000000,1534280400000
,1936,lsk454,1534266000000,1534280400000
,1482,ziw187,1534266000000,1534280400000
,4019,gqi742,1534266000000,1534280400000
,3205,dil158,1534266000000,1534280400000
,6649,kan107,1534266000000,1534280400000
,5747,xva264,1534266000000,1534280400000
,3678,olz972,1534266000000,1534280400000
,5166,hmf098,1534266000000,1534280400000
,3122,jsf458,1534266000000,1534280400000
,3223,pos064,1534266000000,1534280400000
,1697,azk184,1534266000000,1534280400000
,3475,euu197,1534266000000,1534280400000
,150,vaz497,1534266000000,1534280400000
,5872,ygi687,1534266000000,1534280400000
,1594,vys187,1534266000000,1534280400000
,5279,sma123,1534266000000,1534280400000
,2368,dyh767,1534266000000,1534280400000
,1682,cne150,1534266000000,1534280400000
,4916,hom047,1534266000000,1534280400000
,4356,beu005,1534266000000,1534280400000
,3869,lyz488,1534266000000,1534280400000
,3586,peq983,1534266000000,1534280400000
,3518,lnz702,1534266000000,1534280400000
,4386,eng515,1534266000000,1534280400000
,6104,nxm267,1534266000000,1534280400000
,2372,jgb971,1534266000000,1534280400000
,3677,lkq313,1534266000000,1534280400000
,460,xki034,1534266000000,1534280400000
,4805,tkg281,1534266000000,1534280400000
,3146,cml863,1534266000000,1534280400000
,2210,uyk749,1534266000000,1534280400000
,687,osm328,1534266000000,1534280400000
,2415,egn422,1534266000000,1534280400000
,4088,rkt012,1534266000000,1534280400000
,5099,xwe943,1534266000000,1534280400000
,3956,txt737,1534266000000,1534280400000
,1356,pwr239,1534266000000,1534280400000
,331,sko871,1534266000000,1534280400000
,3711,fdo297,1534266000000,1534280400000
,4158,wvj607,1534266000000,1534280400000
,2641,kke500,1534266000000,1534280400000
,352,fnt664,1534266000000,1534280400000
,3891,snv025,1534266000000,1534280400000
,5329,euo520,1534266000000,1534280400000
,3240,tpg958,1534266000000,1534280400000
,441,xqk531,1534266000000,1534280400000
,4271,zfo400,1534266000000,1534280400000
,3251,edy251,1534266000000,1534280400000
,3544,hgr047,1534266000000,1534280400000
,4379,tre744,1534266000000,1534280400000
,2665,nob146,1534266000000,1534280400000
,5397,pyj362,1534266000000,1534280400000
,5288,scj660,1534266000000,1534280400000
,4517,vsq591,1534266000000,1534280400000
,3356,twj052,1534266000000,1534280400000
,3,poa331,1534266000000,1534280400000
,239,bfr898,1534266000000,1534280400000
,2449,qha944,1534266000000,1534280400000
,2233,hpr842,1534266000000,1534280400000
,4132,blq563,1534266000000,1534280400000
,273,grw656,1534266000000,1534280400000
,3052,els696,1534266000000,1534280400000
,4154,vnm643,1534266000000,1534280400000
,4472,lxr817,1534266000000,1534280400000
,92,wrs378,1534266000000,1534280400000
,560,qmj640,1534266000000,1534280400000
,5229,jsg374,1534266000000,1534280400000
,1812,tfr190,1534266000000,1534280400000
,4258,cqc586,1534266000000,1534280400000
,1867,dxu578,1534266000000,1534280400000
,5058,tjk383,1534266000000,1534280400000
,2245,dtm353,1534266000000,1534280400000
,113,qoj506,1534266000000,1534280400000
,248,ucx053,1534266000000,1534280400000
,1387,jpv887,1534266000000,1534280400000
,2352,fnd998,1534266000000,1534280400000
,666,cxk638,1534266000000,1534280400000
,4706,apf656,1534266000000,1534280400000
,3067,hpg694,1534266000000,1534280400000
,918,ink616,1534266000000,1534280400000
,4368,vnb629,1534266000000,1534280400000
,879,mtf440,1534266000000,1534280400000
,3613,jsv263,1534266000000,1534280400000
,2464,dlv199,1534266000000,1534280400000
,2590,drg760,1534266000000,1534280400000
,1380,ypw203,1534266000000,1534280400000
,3259,iud340,1534266000000,1534280400000
,3226,fce762,1534266000000,1534280400000
,69,yos763,1534266000000,1534280400000
,2698,cgc186,1534266000000,1534280400000
,4399,ipp615,1534266000000,1534280400000
,2835,akz421,1534266000000,1534280400000
,1461,yxq110,1534266000000,1534280400000
,3348,yss729,1534266000000,1534280400000
,4772,gue134,1534266000000,1534280400000
,1679,ftw582,1534266000000,1534280400000
,4442,zgc342,1534266000000,1534280400000
,2858,yiu881,1534266000000,1534280400000
,2573,pfl449,1534266000000,1534280400000
,478,dbh759,1534266000000,1534280400000
,363,tmf635,1534266000000,1534280400000
,4722,onq082,1534266000000,1534280400000
,2834,axh462,1534266000000,1534280400000
,2660,dtm206,1534266000000,1534280400000
,2608,aja586,1534266000000,1534280400000
,2277,qkw730,1534266000000,1534280400000
,2165,xbf872,1534266000000,1534280400000
,3360,vtg800,1534266000000,1534280400000
,4045,fcs127,1534266000000,1534280400000
,1097,ueg219,1534266000000,1534280400000
,1417,pyn675,1534266000000,1534280400000
,1429,lnx753,1534266000000,1534280400000
,3085,bia898,1534266000000,1534280400000
,2772,kjo022,1534266000000,1534280400000
,2050,wzh633,1534266000000,1534280400000
,2429,hmx101,1534266000000,1534280400000
,4027,ttl432,1534266000000,1534280400000
,3747,xfq044,1534266000000,1534280400000
,3189,wfz259,1534266000000,1534280400000
,942,oyc879,1534266000000,1534280400000
,2280,juo832,1534266000000,1534280400000
,3988,vsn487,1534266000000,1534280400000
,957,swo654,1534266000000,1534280400000
,2515,lpg758,1534266000000,1534280400000
,4099,nwp244,1534266000000,1534280400000
,1091,jmr494,1534266000000,1534280400000
,2831,jwc061,1534266000000,1534280400000
,3255,npz387,1534266000000,1534280400000
,1070,xzo822,1534266000000,1534280400000
,1446,bte299,1534266000000,1534280400000
,1664,gun431,1534266000000,1534280400000
,1807,fur024,1534266000000,1534280400000
,3773,bdy356,1534266000000,1534280400000
,3532,vgt865,1534266000000,1534280400000
,3606,pjz387,1534266000000,1534280400000
,1800,wfx154,1534266000000,1534280400000
,4094,yfl301,1534266000000,1534280400000
,3130,irv736,1534266000000,1534280400000
,573,ijn081,1534266000000,1534280400000
,3961,vjl527,1534266000000,1534280400000
,2409,ggo295,1534266000000,1534280400000
,1416,mpj434,1534266000000,1534280400000
,3642,vez240,1534266000000,1534280400000
,3425,yaa180,1534266000000,1534280400000
,2443,leq224,1534266000000,1534280400000
,2316,uxa248,1534266000000,1534280400000
,263,vkd555,1534266000000,1534280400000
,3529,tza288,1534266000000,1534280400000
,1912,pmj788,1534266000000,1534280400000
,3643,frx344,1534266000000,1534280400000
,1717,idc497,1534266000000,1534280400000
,3909,ajv235,1534266000000,1534280400000
,3907,ltx912,1534266000000,1534280400000
,3465,lqt760,1534266000000,1534280400000
,2763,zat032,1534266000000,1534280400000
,3011,uqf434,1534266000000,1534280400000
,1922,uct012,1534266000000,1534280400000
,2473,dvx108,1534266000000,1534280400000
,1778,yhf858,1534266000000,1534280400000
,1082,irn427,1534266000000,1534280400000
,2946,wdk005,1534266000000,1534280400000
,2865,wjt186,1534266000000,1534280400000
,78,xlx314,1534266000000,1534280400000
,3158,pwh378,1534266000000,1534280400000
,2385,sty106,1534266000000,1534280400000
,2496,fpl783,1534266000000,1534280400000
,1773,qxl389,1534266000000,1534280400000
,1354,edy834,1534266000000,1534280400000
,2528,uir989,1534266000000,1534280400000
,1874,afn587,1534266000000,1534280400000
,627,jkz279,1534266000000,1534280400000
,351,gyc555,1534266000000,1534280400000
,2253,atc887,1534266000000,1534280400000
,973,ipe472,1534266000000,1534280400000
,155,wnq677,1534266000000,1534280400000
,3589,aba731,1534266000000,1534280400000
,592,wyc356,1534266000000,1534280400000
,67,bki698,1534266000000,1534280400000
,2260,leq079,1534266000000,1534280400000
,1787,ndi524,1534266000000,1534280400000
,719,vyw745,1534266000000,1534280400000
,1702,chb686,1534266000000,1534280400000
,849,oly830,1534266000000,1534280400000
,2702,lhb653,1534266000000,1534280400000
,1149,lka568,1534266000000,1534280400000
,1875,bfo406,1534266000000,1534280400000
,1427,jtk645,1534266000000,1534280400000
,629,bzn244,1534266000000,1534280400000
,3447,udo349,1534266000000,1534280400000
,1227,upv355,1534266000000,1534280400000
,422,cku519,1534266000000,1534280400000
,1764,tlj003,1534266000000,1534280400000
,2228,tfh321,1534266000000,1534280400000
,1559,aym246,1534266000000,1534280400000
,1866,dqm191,1534266000000,1534280400000
,2966,jer846,1534266000000,1534280400000
,2628,gux562,1534266000000,1534280400000
,1279,sce618,1534266000000,1534280400000
,1299,duf374,1534266000000,1534280400000
,489,anu520,1534266000000,1534280400000
,1084,njn534,1534266000000,1534280400000
,1190,oxk690,1534266000000,1534280400000
,37,eto037,1534266000000,1534280400000
,963,hxd860,1534266000000,1534280400000
,2563,igd743,1534266000000,1534280400000
,1854,rue004,1534266000000,1534280400000
,439,blm520,1534266000000,1534280400000
,2730,pib921,1534266000000,1534280400000
,1187,gkl156,1534266000000,1534280400000
,1216,osc699,1534266000000,1534280400000
,71,ivv335,1534266000000,1534280400000
,1021,gbg519,1534266000000,1534280400000
,2741,fnc786,1534266000000,1534280400000
,1130,jke027,1534266000000,1534280400000
,315,hsp520,1534266000000,1534280400000
,490,xdm123,1534266000000,1534280400000
,839,wun569,1534266000000,1534280400000
,2057,goj552,1534266000000,1534280400000
,2574,pip441,1534266000000,1534280400000
,2167,hvm338,1534266000000,1534280400000
,2054,zqx729,1534266000000,1534280400000
,1679,qzl757,1534266000000,1534280400000
,2204,ygf207,1534266000000,1534280400000
,894,eil357,1534266000000,1534280400000
,816,hhm613,1534266000000,1534280400000
,1001,pky698,1534266000000,1534280400000
,1264,rnt666,1534266000000,1534280400000
,1732,zzb558,1534266000000,1534280400000
,1300,kwk210,1534266000000,1534280400000
,2452,jbg162,1534266000000,1534280400000
,1297,jnm894,1534266000000,1534280400000
,1913,dps421,1534266000000,1534280400000
,2702,xwt040,1534266000000,1534280400000
,124,xhp050,1534266000000,1534280400000
,2717,oas013,1534266000000,1534280400000
,542,ggv273,1534266000000,1534280400000
,1867,igh782,1534266000000,1534280400000
,547,rwq231,1534266000000,1534280400000
,1775,cfr527,1534266000000,1534280400000
,267,mfq913,1534266000000,1534280400000
,1081,vjn989,1534266000000,1534280400000
,220,vgc643,1534266000000,1534280400000
,991,jvs684,1534266000000,1534280400000
,2529,kqp244,1534266000000,1534280400000
,1405,twy600,1534266000000,1534280400000
,2581,dak105,1534266000000,1534280400000
,617,bet778,1534266000000,1534280400000
,2122,yol556,1534266000000,1534280400000
,505,tdq832,1534266000000,1534280400000
,878,npx791,1534266000000,1534280400000
,2235,dxi984,1534266000000,1534280400000
,1193,dsc626,1534266000000,1534280400000
,448,cuq289,1534266000000,1534280400000
,374,prs479,1534266000000,1534280400000
,772,ndz608,1534266000000,1534280400000
,7,xjp763,1534266000000,1534280400000
,2130,nwr252,1534266000000,1534280400000
,288,olh976,1534266000000,1534280400000
,61,biz439,1534266000000,1534280400000
,2306,xmq021,1534266000000,1534280400000
,1412,ywb412,1534266000000,1534280400000
,2162,qmh303,1534266000000,1534280400000
,1086,jsd812,1534266000000,1534280400000
,2254,seo577,1534266000000,1534280400000
,982,ufj548,1534266000000,1534280400000
,562,usn849,1534266000000,1534280400000
,2300,atk716,1534266000000,1534280400000
,136,tht336,1534266000000,1534280400000
,837,ysy605,1534266000000,1534280400000
,1258,ogv221,1534266000000,1534280400000
,632,lcm617,1534266000000,1534280400000
,1836,taw314,1534266000000,1534280400000
,2129,xnf951,1534266000000,1534280400000
,1150,qyz161,1534266000000,1534280400000
,1087,wte541,1534266000000,1534280400000
,566,see334,1534266000000,1534280400000
,930,bno340,1534266000000,1534280400000
,2131,oqs369,1534266000000,1534280400000
,1330,phf864,1534266000000,1534280400000
,2042,lya236,1534266000000,1534280400000
,494,qsf293,1534266000000,1534280400000
,1499,tye055,1534266000000,1534280400000
,276,pqk406,1534266000000,1534280400000
,178,hkk043,1534266000000,1534280400000
,458,gde288,1534266000000,1534280400000
,16,hbf748,1534266000000,1534280400000
,1196,nki261,1534266000000,1534280400000
,832,wmf765,1534266000000,1534280400000
,2041,ukh558,1534266000000,1534280400000
,663,rds157,1534266000000,1534280400000
,538,hod547,1534266000000,1534280400000
,1547,mte686,1534266000000,1534280400000
,80,frh491,1534266000000,1534280400000
,458,prk054,1534266000000,1534280400000
,661,cff176,1534266000000,1534280400000
,1080,ukj735,1534266000000,1534280400000
,441,zjj892,1534266000000,1534280400000
,1691,jpg743,1534266000000,1534280400000
,253,icg916,1534266000000,1534280400000
,1800,yqw921,1534266000000,1534280400000
,753,zpa718,1534266000000,1534280400000
,1914,ini837,1534266000000,1534280400000
,975,slq928,1534266000000,1534280400000
,770,btr201,1534266000000,1534280400000
,685,rzl483,1534266000000,1534280400000
,1077,aoc580,1534266000000,1534280400000
,832,zcq793,1534266000000,1534280400000
,1402,kuo186,1534266000000,1534280400000
,1529,bsg200,1534266000000,1534280400000
,271,knw588,1534266000000,1534280400000
,1064,yjw543,1534266000000,1534280400000
,1795,gla234,1534266000000,1534280400000
,1726,uhi142,1534266000000,1534280400000
,113,qhd223,1534266000000,1534280400000
,437,caz250,1534266000000,1534280400000
,1516,rck982,1534266000000,1534280400000
,750,jny125,1534266000000,1534280400000
,1316,bgw139,1534266000000,1534280400000
,882,mjt401,1534266000000,1534280400000
,1343,xwy578,1534266000000,1534280400000
,1682,xjd732,1534266000000,1534280400000
,1836,iql629,1534266000000,1534280400000
,1083,ryk888,1534266000000,1534280400000
,1797,nda324,1534266000000,1534280400000
,28,tnr584,1534266000000,1534280400000
,1810,jsa488,1534266000000,1534280400000
,1523,uhf586,1534266000000,1534280400000
,736,fzi628,1534266000000,1534280400000
,989,rme029,1534266000000,1534280400000
,629,flo152,1534266000000,1534280400000
,1429,oqg584,1534266000000,1534280400000
,1319,qqh276,1534266000000,1534280400000
,1461,srf796,1534266000000,1534280400000
,1130,kyy763,1534266000000,1534280400000
,447,hro628,1534266000000,1534280400000
,644,oxk230,1534266000000,1534280400000
,1276,tqt259,1534266000000,1534280400000
,955,wyt495,1534266000000,1534280400000
,649,lre892,1534266000000,1534280400000
,209,rqn970,1534266000000,1534280400000
,1007,hsb038,1534266000000,1534280400000
,146,jux893,1534266000000,1534280400000
,102,fsn343,1534266000000,1534280400000
,1382,nux210,1534266000000,1534280400000
,762,arf090,1534266000000,1534280400000
,1290,bwo364,1534266000000,1534280400000
,637,jfi796,1534266000000,1534280400000
,861,edd492,1534266000000,1534280400000
,365,vlk394,1534266000000,1534280400000
,1156,zmo505,1534266000000,1534280400000
,216,iax993,1534266000000,1534280400000
,974,lip556,1534266000000,1534280400000
,1513,xoa418,1534266000000,1534280400000
,53,bof208,1534266000000,1534280400000
,1311,spn649,1534266000000,1534280400000
,1504,bcl317,1534266000000,1534280400000
,601,pfu425,1534266000000,1534280400000
,907,mqf892,1534266000000,1534280400000
,1403,huo147,1534266000000,1534280400000
,26,nnv845,1534266000000,1534280400000
,231,sap255,1534266000000,1534280400000
,937,zhq494,1534266000000,1534280400000
,1013,org361,1534266000000,1534280400000
,1407,nil387,1534266000000,1534280400000
,1047,kqw071,1534266000000,1534280400000
,1127,buw812,1534266000000,1534280400000
,1157,pgw004,1534266000000,1534280400000
,1290,uth084,1534266000000,1534280400000
,1182,osh824,1534266000000,1534280400000
,1286,wui903,1534266000000,1534280400000
,1248,mgx570,1534266000000,1534280400000
,404,fxh543,1534266000000,1534280400000
,637,zvi280,1534266000000,1534280400000
,1069,dcv499,1534266000000,1534280400000
,751,tsr328,1534266000000,1534280400000
,1166,pyd904,1534266000000,1534280400000
,654,par095,1534266000000,1534280400000
,1113,acm101,1534266000000,1534280400000
,1134,qjg986,1534266000000,1534280400000
,977,tkk359,1534266000000,1534280400000
,478,aah402,1534266000000,1534280400000
,1272,iop338,1534266000000,1534280400000
,804,tuv780,1534266000000,1534280400000
,575,dez451,1534266000000,1534280400000
,378,jkx618,1534266000000,1534280400000
,984,aji120,1534266000000,1534280400000
,862,fnn971,1534266000000,1534280400000
,1015,ukc113,1534266000000,1534280400000
,821,ykm655,1534266000000,1534280400000
,611,npo689,1534266000000,1534280400000
,472,guu104,1534266000000,1534280400000
,453,mpc172,1534266000000,1534280400000
,1109,tjz893,1534266000000,1534280400000
,442,yzb529,1534266000000,1534280400000
,637,nlu256,1534266000000,1534280400000
,695,snu028,1534266000000,1534280400000
,692,vht521,1534266000000,1534280400000
,734,egj978,1534266000000,1534280400000
,992,irx922,1534266000000,1534280400000
,26,bzn620,1534266000000,1534280400000
,667,rot928,1534266000000,1534280400000
,105,kpq291,1534266000000,1534280400000
,523,qcj450,1534266000000,1534280400000
,633,bdf321,1534266000000,1534280400000
,860,scs983,1534266000000,1534280400000
,304,yuj507,1534266000000,1534280400000
,915,hdp948,1534266000000,1534280400000
,624,eyw780,1534266000000,1534280400000
,678,ntz549,1534266000000,1534280400000
,257,mou191,1534266000000,1534280400000
,859,mhv366,1534266000000,1534280400000
,242,jzf845,1534266000000,1534280400000
,36,jlx208,1534266000000,1534280400000
,611,cdp143,1534266000000,1534280400000
,624,xve744,1534266000000,1534280400000
,822,eav882,1534266000000,1534280400000
,982,zdd244,1534266000000,1534280400000
,709,wtx330,1534266000000,1534280400000
,26,ure907,1534266000000,1534280400000
,226,ezk140,1534266000000,1534280400000
,522,dub596,1534266000000,1534280400000
,710,gcv672,1534266000000,1534280400000
,575,tll677,1534266000000,1534280400000
,263,gxv880,1534266000000,1534280400000
,374,gsw784,1534266000000,1534280400000
,802,ddh654,1534266000000,1534280400000
,968,epx925,1534266000000,1534280400000
,934,yca654,1534266000000,1534280400000
,552,xpo096,1534266000000,1534280400000
,786,ztl728,1534266000000,1534280400000
,557,cxp852,1534266000000,1534280400000
,592,duk295,1534266000000,1534280400000
,44,uew770,1534266000000,1534280400000
,315,hkb859,1534266000000,1534280400000
,556,jms471,1534266000000,1534280400000
,378,sqp125,1534266000000,1534280400000
,677,dsi320,1534266000000,1534280400000
,468,yky781,1534266000000,1534280400000
,502,rzb373,1534266000000,1534280400000
,278,vki522,1534266000000,1534280400000
,342,vox591,1534266000000,1534280400000
,759,mhn239,1534266000000,1534280400000
,435,gsu623,1534266000000,1534280400000
,745,lih340,1534266000000,1534280400000
,367,atz285,1534266000000,1534280400000
,553,ase477,1534266000000,1534280400000
,58,nrb101,1534266000000,1534280400000
,533,vrt871,1534266000000,1534280400000
,70,rsq409,1534266000000,1534280400000
,304,ilj874,1534266000000,1534280400000
,379,bnb102,1534266000000,1534280400000
,756,csi855,1534266000000,1534280400000
,649,iac849,1534266000000,1534280400000
,230,urg004,1534266000000,1534280400000
,429,giy769,1534266000000,1534280400000
,54,xmy374,1534266000000,1534280400000
,284,qym892,1534266000000,1534280400000
,320,qry571,1534266000000,1534280400000
,480,fab640,1534266000000,1534280400000
,66,puw252,1534266000000,1534280400000
,699,bsh563,1534266000000,1534280400000
,614,wvz958,1534266000000,1534280400000
,108,gwl948,1534266000000,1534280400000
,645,cvq402,1534266000000,1534280400000
,45,gpj001,1534266000000,1534280400000
,277,kuc258,1534266000000,1534280400000
,157,tyn758,1534266000000,1534280400000
,487,tvt815,1534266000000,1534280400000
,232,qpm979,1534266000000,1534280400000
,379,zoo525,1534266000000,1534280400000
,648,obe919,1534266000000,1534280400000
,341,pom801,1534266000000,1534280400000
,180,nxf025,1534266000000,1534280400000
,528,cqc469,1534266000000,1534280400000
,200,whe081,1534266000000,1534280400000
,546,oyr130,1534266000000,1534280400000
,192,snx220,1534266000000,1534280400000
,95,ron924,1534266000000,1534280400000
,338,yar209,1534266000000,1534280400000
,190,ckh836,1534266000000,1534280400000
,231,una771,1534266000000,1534280400000
,537,qxx456,1534266000000,1534280400000
,26,ioc714,1534266000000,1534280400000
,515,hqw583,1534266000000,1534280400000
,295,ekx205,1534266000000,1534280400000
,135,vly945,1534266000000,1534280400000
,453,uea753,1534266000000,1534280400000
,540,add441,1534266000000,1534280400000
,23,ckc112,1534266000000,1534280400000
,429,vcw454,1534266000000,1534280400000
,171,wrk198,1534266000000,1534280400000
,35,kyj309,1534266000000,1534280400000
,109,hgx769,1534266000000,1534280400000
,391,sap534,1534266000000,1534280400000
,233,ztu053,1534266000000,1534280400000
,345,aom071,1534266000000,1534280400000
,477,lte652,1534266000000,1534280400000
,501,rwp055,1534266000000,1534280400000
,294,xiw354,1534266000000,1534280400000
,389,xum529,1534266000000,1534280400000
,110,haz753,1534266000000,1534280400000
,34,ydi230,1534266000000,1534280400000
,382,nyb194,1534266000000,1534280400000
,142,msu635,1534266000000,1534280400000
,287,gyu836,1534266000000,1534280400000
,106,jod878,1534266000000,1534280400000
,8,hty647,1534266000000,1534280400000
,237,uds914,1534266000000,1534280400000
,22,cai983,1534266000000,1534280400000
,34,tyq292,1534266000000,1534280400000
,184,tcz163,1534266000000,1534280400000
,310,urk140,1534266000000,1534280400000
,100,pcb712,1534266000000,1534280400000
,380,ngn139,1534266000000,1534280400000
,126,zog194,1534266000000,1534280400000
,59,srd564,1534266000000,1534280400000
,250,cqa665,1534266000000,1534280400000
,140,wvw789,1534266000000,1534280400000
,147,tjc247,1534266000000,1534280400000
,275,gou870,1534266000000,1534280400000
,193,myl816,1534266000000,1534280400000
,192,vmb899,1534266000000,1534280400000
,238,ylh995,1534266000000,1534280400000
,215,pnx125,1534266000000,1534280400000
,60,njq884,1534266000000,1534280400000
,52,yfv387,1534266000000,1534280400000
,46,bgy278,1534266000000,1534280400000
,288,xlw601,1534266000000,1534280400000
,231,sak335,1534266000000,1534280400000
,56,gmy358,1534266000000,1534280400000
,63,psq084,1534266000000,1534280400000
,91,obo457,1534266000000,1534280400000
,145,opb813,1534266000000,1534280400000
,239,cin607,1534266000000,1534280400000
,78,lng487,1534266000000,1534280400000
,138,lcm843,1534266000000,1534280400000
,265,ufm227,1534266000000,1534280400000
,5,xww943,1534266000000,1534280400000
,189,hxi416,1534266000000,1534280400000
,178,vek981,1534266000000,1534280400000
,186,wts388,1534266000000,1534280400000
,122,gpr810,1534266000000,1534280400000
,138,wyd450,1534266000000,1534280400000
,12,ntc172,1534266000000,1534280400000
,94,gnr570,1534266000000,1534280400000
,156,nxa602,1534266000000,1534280400000
,21,urp655,1534266000000,1534280400000
,59,mty372,1534266000000,1534280400000
,136,xpf757,1534266000000,1534280400000
,117,gec595,1534266000000,1534280400000
,59,ssh863,1534266000000,1534280400000
,113,caz525,1534266000000,1534280400000
,152,scq850,1534266000000,1534280400000
,66,lek662,1534266000000,1534280400000
,79,sxs223,1534266000000,1534280400000
,91,nga658,1534266000000,1534280400000
,125,ktt462,1534266000000,1534280400000
,118,ysa355,1534266000000,1534280400000
,131,rxs803,1534266000000,1534280400000
,65,vrq964,1534266000000,1534280400000
,60,ldx400,1534266000000,1534280400000
,72,eed786,1534266000000,1534280400000
,21,aat140,1534266000000,1534280400000
,50,bfg154,1534266000000,1534280400000
,59,eth150,1534266000000,1534280400000
,5,src662,1534266000000,1534280400000
,93,zxw003,1534266000000,1534280400000
,54,uld139,1534266000000,1534280400000
,70,wkr573,1534266000000,1534280400000
,6,jan071,1534266000000,1534280400000
,47,dlw702,1534266000000,1534280400000
,92,dfg261,1534266000000,1534280400000
,22,dot325,1534266000000,1534280400000
,28,qln192,1534266000000,1534280400000
,37,ubm972,1534266000000,1534280400000
,50,egt099,1534266000000,1534280400000
,11,dpp495,1534266000000,1534280400000
,21,rsi610,1534266000000,1534280400000
,53,xea723,1534266000000,1534280400000
,11,nyl573,1534266000000,1534280400000
,36,etb552,1534266000000,1534280400000
,24,ega673,1534266000000,1534280400000
,9,dij622,1534266000000,1534280400000
,48,dpz282,1534266000000,1534280400000
,17,bng744,1534266000000,1534280400000
,14,mge650,1534266000000,1534280400000
,13,gxv824,1534266000000,1534280400000
,19,kcq646,1534266000000,1534280400000
,11,cha824,1534266000000,1534280400000
,1,gfo381,1534266000000,1534280400000
,28,ipr728,1534266000000,1534280400000
,10,dat150,1534266000000,1534280400000
,25,gqj485,1534266000000,1534280400000
,40,jlc363,1534266000000,1534280400000
,26,dam320,1534266000000,1534280400000
,7,gjb371,1534266000000,1534280400000
,36,djm884,1534266000000,1534280400000
,38,ten739,1534266000000,1534280400000
,16,jlo773,1534266000000,1534280400000
,25,sye661,1534266000000,1534280400000
,3,gzj873,1534266000000,1534280400000
,0,qey374,1534266000000,1534280400000
,6,rgi818,1534266000000,1534280400000
,9,srz964,1534266000000,1534280400000
,8,cji588,1534266000000,1534280400000
,15,fkm052,1534266000000,1534280400000
,20,fsp627,1534266000000,1534280400000
,16,lps202,1534266000000,1534280400000
,28,mfl836,1534266000000,1534280400000
,21,zae029,1534266000000,1534280400000
,3,bgn365,1534266000000,1534280400000
,22,zwl101,1534266000000,1534280400000
,17,ctx687,1534266000000,1534280400000
,20,rpj635,1534266000000,1534280400000
,4,mep042,1534266000000,1534280400000
,9,ozq318,1534266000000,1534280400000
,11,naz181,1534266000000,1534280400000
,7,mcm491,1534266000000,1534280400000
,8,zdx443,1534266000000,1534280400000
,4,nvy066,1534266000000,1534280400000
,2,oeu957,1534266000000,1534280400000
,5,nbw255,1534266000000,1534280400000
,2,zbr644,1534266000000,1534280400000
,2,ato744,1534266000000,1534280400000
,4,ulh807,1534266000000,1534280400000
,0,yjh109,1534266000000,1534280400000
,0,hrx722,1534266000000,1534280400000
,0,wtv311,1534266000000,1534280400000
,0,ypr333,1534266000000,1534280400000
,0,qio642,1534266000000,1534280400000
,32986,cxg045,1534280400000,1534294800000
,47484,iki289,1534280400000,1534294800000
,8403,crv194,1534280400000,1534294800000
,9134,oyl072,1534280400000,1534294800000
,13402,uci706,1534280400000,1534294800000
,18979,xjo527,1534280400000,1534294800000
,26228,ozx895,1534280400000,1534294800000
,33124,rfy032,1534280400000,1534294800000
,1108,goa759,1534280400000,1534294800000
,19305,com027,1534280400000,1534294800000
,30317,can924,1534280400000,1534294800000
,3363,rlw341,1534280400000,1534294800000
,30029,ubr305,1534280400000,1534294800000
,22291,qxs444,1534280400000,1534294800000
,2987,hhl202,1534280400000,1534294800000
,27236,ouv154,1534280400000,1534294800000
,2532,hpq395,1534280400000,1534294800000
,270,zzf210,1534280400000,1534294800000
,18390,aqq259,1534280400000,1534294800000
,2816,apv620,1534280400000,1534294800000
,20479,zym435,1534280400000,1534294800000
,21526,htk846,1534280400000,1534294800000
,1989,ube563,1534280400000,1534294800000
,9750,kpr004,1534280400000,1534294800000
,10243,ajl468,1534280400000,1534294800000
,10198,ynm964,1534280400000,1534294800000
,452,sjs512,1534280400000,1534294800000
,6379,ypj353,1534280400000,1534294800000
,3059,brq271,1534280400000,1534294800000
,6072,uqa830,1534280400000,1534294800000
,14850,rnc464,1534280400000,1534294800000
,11200,nxb931,1534280400000,1534294800000
,12052,vhi675,1534280400000,1534294800000
,14462,onv042,1534280400000,1534294800000
,10731,kgp847,1534280400000,1534294800000
,17309,nsd612,1534280400000,1534294800000
,5953,nwd453,1534280400000,1534294800000
,1457,xlv764,1534280400000,1534294800000
,11950,qud660,1534280400000,1534294800000
,4756,oce165,1534280400000,1534294800000
,12157,zey201,1534280400000,1534294800000
,9143,rbm575,1534280400000,1534294800000
,8287,umw306,1534280400000,1534294800000
,16403,vtq948,1534280400000,1534294800000
,14953,ebr253,1534280400000,1534294800000
,3881,nvb316,1534280400000,1534294800000
,1242,alj599,1534280400000,1534294800000
,4051,ijz784,1534280400000,1534294800000
,2418,cfs080,1534280400000,1534294800000
,10569,cbb668,1534280400000,1534294800000
,12672,qcb458,1534280400000,1534294800000
,7320,ozq407,1534280400000,1534294800000
,1136,sta342,1534280400000,1534294800000
,4390,haq492,1534280400000,1534294800000
,7720,jpf330,1534280400000,1534294800000
,8557,ovt076,1534280400000,1534294800000
,120,hoq165,1534280400000,1534294800000
,8887,ysp517,1534280400000,1534294800000
,12155,usg609,1534280400000,1534294800000
,1592,jhi337,1534280400000,1534294800000
,8381,lxc962,1534280400000,1534294800000
,13096,clr481,1534280400000,1534294800000
,3558,efu072,1534280400000,1534294800000
,4852,vmu914,1534280400000,1534294800000
,12373,ioa090,1534280400000,1534294800000
,6288,tbf919,1534280400000,1534294800000
,8581,stx862,1534280400000,1534294800000
,1768,paz219,1534280400000,1534294800000
,11752,etb667,1534280400000,1534294800000
,6945,hgs503,1534280400000,1534294800000
,10480,nah657,1534280400000,1534294800000
,5523,jvn763,1534280400000,1534294800000
,4392,ipp216,1534280400000,1534294800000
,441,klg701,1534280400000,1534294800000
,1276,bnp744,1534280400000,1534294800000
,7553,nub768,1534280400000,1534294800000
,5937,zny170,1534280400000,1534294800000
,5573,qcs470,1534280400000,1534294800000
,3949,pkd270,1534280400000,1534294800000
,7197,pyr918,1534280400000,1534294800000
,1502,xhv839,1534280400000,1534294800000
,379,xaa967,1534280400000,1534294800000
,4975,qao910,1534280400000,1534294800000
,3052,oog704,1534280400000,1534294800000
,5606,ygg462,1534280400000,1534294800000
,1864,ecl698,1534280400000,1534294800000
,4476,pbu844,1534280400000,1534294800000
,7013,vor384,1534280400000,1534294800000
,10652,srr249,1534280400000,1534294800000
,4127,hps482,1534280400000,1534294800000
,9922,hia435,1534280400000,1534294800000
,7713,ucn049,1534280400000,1534294800000
,1132,ces822,1534280400000,1534294800000
,8570,kcf066,1534280400000,1534294800000
,10798,rbb734,1534280400000,1534294800000
,9554,bft737,1534280400000,1534294800000
,3709,pcy520,1534280400000,1534294800000
,1872,gci539,1534280400000,1534294800000
,9824,ldq426,1534280400000,1534294800000
,2044,ltt304,1534280400000,1534294800000
,6517,ncn253,1534280400000,1534294800000
,4687,pps520,1534280400000,1534294800000
,10621,ooj082,1534280400000,1534294800000
,7620,eoz599,1534280400000,1534294800000
,11253,zhb567,1534280400000,1534294800000
,279,rch928,1534280400000,1534294800000
,8054,oin885,1534280400000,1534294800000
,8341,owd950,1534280400000,1534294800000
,840,xbp492,1534280400000,1534294800000
,8755,esf976,1534280400000,1534294800000
,1291,flq809,1534280400000,1534294800000
,4380,dza514,1534280400000,1534294800000
,3446,azn836,1534280400000,1534294800000
,10208,lcg516,1534280400000,1534294800000
,650,lcn176,1534280400000,1534294800000
,8437,dsq289,1534280400000,1534294800000
,8585,juo636,1534280400000,1534294800000
,1647,bwh533,1534280400000,1534294800000
,5171,vgq668,1534280400000,1534294800000
,7591,lxk422,1534280400000,1534294800000
,137,dlt215,1534280400000,1534294800000
,3482,nbh549,1534280400000,1534294800000
,2142,axt116,1534280400000,1534294800000
,3740,qtv434,1534280400000,1534294800000
,821,bcq099,1534280400000,1534294800000
,2201,iix556,1534280400000,1534294800000
,4847,wnb570,1534280400000,1534294800000
,6517,jrx304,1534280400000,1534294800000
,7933,avk788,1534280400000,1534294800000
,1344,cmk902,1534280400000,1534294800000
,5336,kcv619,1534280400000,1534294800000
,1660,lkv768,1534280400000,1534294800000
,2245,hvg150,1534280400000,1534294800000
,346,ogo291,1534280400000,1534294800000
,1872,krr915,1534280400000,1534294800000
,1392,wbs052,1534280400000,1534294800000
,6156,onb042,1534280400000,1534294800000
,8013,lnc106,1534280400000,1534294800000
,3960,piv099,1534280400000,1534294800000
,2235,jfz503,1534280400000,1534294800000
,4493,nwz629,1534280400000,1534294800000
,9865,hti531,1534280400000,1534294800000
,1692,hmg048,1534280400000,1534294800000
,409,rdd108,1534280400000,1534294800000
,6364,qvl471,1534280400000,1534294800000
,2697,paq942,1534280400000,1534294800000
,356,mxs708,1534280400000,1534294800000
,8735,oxe412,1534280400000,1534294800000
,1598,rpt570,1534280400000,1534294800000
,8509,jdt385,1534280400000,1534294800000
,9190,axv829,1534280400000,1534294800000
,7688,acb394,1534280400000,1534294800000
,5961,rgs921,1534280400000,1534294800000
,3665,hso488,1534280400000,1534294800000
,7263,dmy940,1534280400000,1534294800000
,6505,dkt619,1534280400000,1534294800000
,6924,dcu143,1534280400000,1534294800000
,7372,koe471,1534280400000,1534294800000
,4035,pqs062,1534280400000,1534294800000
,2074,sxz882,1534280400000,1534294800000
,6274,uin931,1534280400000,1534294800000
,6556,uql452,1534280400000,1534294800000
,4117,nbn951,1534280400000,1534294800000
,8754,xww245,1534280400000,1534294800000
,3211,bxn265,1534280400000,1534294800000
,4670,fjq937,1534280400000,1534294800000
,4746,ktj868,1534280400000,1534294800000
,8406,jse385,1534280400000,1534294800000
,2601,xms152,1534280400000,1534294800000
,1860,lhj651,1534280400000,1534294800000
,1898,qnz749,1534280400000,1534294800000
,802,fje519,1534280400000,1534294800000
,801,tec520,1534280400000,1534294800000
,7606,yoy672,1534280400000,1534294800000
,7428,owi504,1534280400000,1534294800000
,2216,bla785,1534280400000,1534294800000
,5529,boe568,1534280400000,1534294800000
,2830,ckx768,1534280400000,1534294800000
,33,roo143,1534280400000,1534294800000
,5883,iqg980,1534280400000,1534294800000
,4660,yrm060,1534280400000,1534294800000
,2204,hug139,1534280400000,1534294800000
,5821,kfk277,1534280400000,1534294800000
,6957,yda904,1534280400000,1534294800000
,5656,dri709,1534280400000,1534294800000
,773,mjg297,1534280400000,1534294800000
,7578,gsa250,1534280400000,1534294800000
,3329,wtn123,1534280400000,1534294800000
,3258,vhz326,1534280400000,1534294800000
,7291,rtc327,1534280400000,1534294800000
,203,bpg591,1534280400000,1534294800000
,1001,mhn363,1534280400000,1534294800000
,462,goh923,1534280400000,1534294800000
,6092,oqm185,1534280400000,1534294800000
,830,pxl234,1534280400000,1534294800000
,948,udk995,1534280400000,1534294800000
,3232,kct031,1534280400000,1534294800000
,3806,xsc456,1534280400000,1534294800000
,3595,goa025,1534280400000,1534294800000
,4546,zam446,1534280400000,1534294800000
,7207,jlf378,1534280400000,1534294800000
,6689,mho578,1534280400000,1534294800000
,6224,tqk024,1534280400000,1534294800000
,887,mtu414,1534280400000,1534294800000
,6677,cpt781,1534280400000,1534294800000
,3573,uvw494,1534280400000,1534294800000
,6062,ldy902,1534280400000,1534294800000
,2441,npv775,1534280400000,1534294800000
,5512,ioi962,1534280400000,1534294800000
,5902,ofv806,1534280400000,1534294800000
,1240,mub721,1534280400000,1534294800000
,2206,wso911,1534280400000,1534294800000
,5093,yqb807,1534280400000,1534294800000
,5589,yjk588,1534280400000,1534294800000
,890,xzv214,1534280400000,1534294800000
,2829,zdz946,1534280400000,1534294800000
,4707,doq481,1534280400000,1534294800000
,357,dgm357,1534280400000,1534294800000
,929,ujm551,1534280400000,1534294800000
,5025,zlb813,1534280400000,1534294800000
,2988,jco656,1534280400000,1534294800000
,542,syd451,1534280400000,1534294800000
,1763,fup900,1534280400000,1534294800000
,6280,jfs106,1534280400000,1534294800000
,212,wpt522,1534280400000,1534294800000
,2423,lsk454,1534280400000,1534294800000
,5842,ziw187,1534280400000,1534294800000
,2581,gqi742,1534280400000,1534294800000
,4250,dil158,1534280400000,1534294800000
,1648,kan107,1534280400000,1534294800000
,3722,xva264,1534280400000,1534294800000
,2653,olz972,1534280400000,1534294800000
,1944,hmf098,1534280400000,1534294800000
,2923,jsf458,1534280400000,1534294800000
,5965,pos064,1534280400000,1534294800000
,4215,azk184,1534280400000,1534294800000
,5294,euu197,1534280400000,1534294800000
,6610,vaz497,1534280400000,1534294800000
,3364,ygi687,1534280400000,1534294800000
,5084,vys187,1534280400000,1534294800000
,1462,sma123,1534280400000,1534294800000
,2360,dyh767,1534280400000,1534294800000
,4808,cne150,1534280400000,1534294800000
,1403,hom047,1534280400000,1534294800000
,3114,beu005,1534280400000,1534294800000
,5670,lyz488,1534280400000,1534294800000
,4349,peq983,1534280400000,1534294800000
,1343,lnz702,1534280400000,1534294800000
,1451,eng515,1534280400000,1534294800000
,685,nxm267,1534280400000,1534294800000
,2004,jgb971,1534280400000,1534294800000
,1315,lkq313,1534280400000,1534294800000
,14,xki034,1534280400000,1534294800000
,4808,tkg281,1534280400000,1534294800000
,2797,cml863,1534280400000,1534294800000
,5758,uyk749,1534280400000,1534294800000
,3106,osm328,1534280400000,1534294800000
,3126,egn422,1534280400000,1534294800000
,4642,rkt012,1534280400000,1534294800000
,5975,xwe943,1534280400000,1534294800000
,4988,txt737,1534280400000,1534294800000
,5960,pwr239,1534280400000,1534294800000
,5785,sko871,1534280400000,1534294800000
,4599,fdo297,1534280400000,1534294800000
,3440,wvj607,1534280400000,1534294800000
,5168,kke500,1534280400000,1534294800000
,3338,fnt664,1534280400000,1534294800000
,4470,snv025,1534280400000,1534294800000
,4454,euo520,1534280400000,1534294800000
,3616,tpg958,1534280400000,1534294800000
,700,xqk531,1534280400000,1534294800000
,1789,zfo400,1534280400000,1534294800000
,2108,edy251,1534280400000,1534294800000
,152,hgr047,1534280400000,1534294800000
,4715,tre744,1534280400000,1534294800000
,1511,nob146,1534280400000,1534294800000
,4416,pyj362,1534280400000,1534294800000
,1455,scj660,1534280400000,1534294800000
,3558,vsq591,1534280400000,1534294800000
,3818,twj052,1534280400000,1534294800000
,3297,poa331,1534280400000,1534294800000
,4109,bfr898,1534280400000,1534294800000
,4454,qha944,1534280400000,1534294800000
,3250,hpr842,1534280400000,1534294800000
,967,blq563,1534280400000,1534294800000
,2539,grw656,1534280400000,1534294800000
,1634,els696,1534280400000,1534294800000
,2525,vnm643,1534280400000,1534294800000
,4545,lxr817,1534280400000,1534294800000
,4293,wrs378,1534280400000,1534294800000
,2530,qmj640,1534280400000,1534294800000
,1592,jsg374,1534280400000,1534294800000
,3443,tfr190,1534280400000,1534294800000
,2582,cqc586,1534280400000,1534294800000
,611,dxu578,1534280400000,1534294800000
,3539,tjk383,1534280400000,1534294800000
,4081,dtm353,1534280400000,1534294800000
,2315,qoj506,1534280400000,1534294800000
,420,ucx053,1534280400000,1534294800000
,1551,jpv887,1534280400000,1534294800000
,392,fnd998,1534280400000,1534294800000
,22,cxk638,1534280400000,1534294800000
,4079,apf656,1534280400000,1534294800000
,2819,hpg694,1534280400000,1534294800000
,3039,ink616,1534280400000,1534294800000
,5037,vnb629,1534280400000,1534294800000
,2391,mtf440,1534280400000,1534294800000
,5068,jsv263,1534280400000,1534294800000
,1055,dlv199,1534280400000,1534294800000
,2162,drg760,1534280400000,1534294800000
,3139,ypw203,1534280400000,1534294800000
,2110,iud340,1534280400000,1534294800000
,3570,fce762,1534280400000,1534294800000
,4372,yos763,1534280400000,1534294800000
,4778,cgc186,1534280400000,1534294800000
,3746,ipp615,1534280400000,1534294800000
,1392,akz421,1534280400000,1534294800000
,2789,yxq110,1534280400000,1534294800000
,3312,yss729,1534280400000,1534294800000
,4144,gue134,1534280400000,1534294800000
,2918,ftw582,1534280400000,1534294800000
,308,zgc342,1534280400000,1534294800000
,2425,yiu881,1534280400000,1534294800000
,2444,pfl449,1534280400000,1534294800000
,4081,dbh759,1534280400000,1534294800000
,2585,tmf635,1534280400000,1534294800000
,1879,onq082,1534280400000,1534294800000
,2417,axh462,1534280400000,1534294800000
,4498,dtm206,1534280400000,1534294800000
,3117,aja586,1534280400000,1534294800000
,1616,qkw730,1534280400000,1534294800000
,849,xbf872,1534280400000,1534294800000
,1667,vtg800,1534280400000,1534294800000
,2689,fcs127,1534280400000,1534294800000
,731,ueg219,1534280400000,1534294800000
,919,pyn675,1534280400000,1534294800000
,3742,lnx753,1534280400000,1534294800000
,3883,bia898,1534280400000,1534294800000
,407,kjo022,1534280400000,1534294800000
,812,wzh633,1534280400000,1534294800000
,780,hmx101,1534280400000,1534294800000
,4113,ttl432,1534280400000,1534294800000
,2383,xfq044,1534280400000,1534294800000
,4283,wfz259,1534280400000,1534294800000
,1840,oyc879,1534280400000,1534294800000
,3023,juo832,1534280400000,1534294800000
,1511,vsn487,1534280400000,1534294800000
,743,swo654,1534280400000,1534294800000
,410,lpg758,1534280400000,1534294800000
,3339,nwp244,1534280400000,1534294800000
,2796,jmr494,1534280400000,1534294800000
,1134,jwc061,1534280400000,1534294800000
,3814,npz387,1534280400000,1534294800000
,2730,xzo822,1534280400000,1534294800000
,3700,bte299,1534280400000,1534294800000
,3058,gun431,1534280400000,1534294800000
,3734,fur024,1534280400000,1534294800000
,3651,bdy356,1534280400000,1534294800000
,3237,vgt865,1534280400000,1534294800000
,1465,pjz387,1534280400000,1534294800000
,1369,wfx154,1534280400000,1534294800000
,2166,yfl301,1534280400000,1534294800000
,1732,irv736,1534280400000,1534294800000
,3496,ijn081,1534280400000,1534294800000
,1882,vjl527,1534280400000,1534294800000
,1298,ggo295,1534280400000,1534294800000
,3479,mpj434,1534280400000,1534294800000
,608,vez240,1534280400000,1534294800000
,2535,yaa180,1534280400000,1534294800000
,1171,leq224,1534280400000,1534294800000
,1069,uxa248,1534280400000,1534294800000
,2520,vkd555,1534280400000,1534294800000
,202,tza288,1534280400000,1534294800000
,465,pmj788,1534280400000,1534294800000
,3702,frx344,1534280400000,1534294800000
,3857,idc497,1534280400000,1534294800000
,3667,ajv235,1534280400000,1534294800000
,81,ltx912,1534280400000,1534294800000
,321,lqt760,1534280400000,1534294800000
,3646,zat032,1534280400000,1534294800000
,2964,uqf434,1534280400000,1534294800000
,1033,uct012,1534280400000,1534294800000
,930,dvx108,1534280400000,1534294800000
,1484,yhf858,1534280400000,1534294800000
,534,irn427,1534280400000,1534294800000
,2790,wdk005,1534280400000,1534294800000
,1122,wjt186,1534280400000,1534294800000
,2890,xlx314,1534280400000,1534294800000
,1688,pwh378,1534280400000,1534294800000
,2860,sty106,1534280400000,1534294800000
,2951,fpl783,1534280400000,1534294800000
,3613,qxl389,1534280400000,1534294800000
,3553,edy834,1534280400000,1534294800000
,3647,uir989,1534280400000,1534294800000
,2199,afn587,1534280400000,1534294800000
,256,jkz279,1534280400000,1534294800000
,3264,gyc555,1534280400000,1534294800000
,2964,atc887,1534280400000,1534294800000
,2079,ipe472,1534280400000,1534294800000
,2782,wnq677,1534280400000,1534294800000
,1427,aba731,1534280400000,1534294800000
,2595,wyc356,1534280400000,1534294800000
,3074,bki698,1534280400000,1534294800000
,2559,leq079,1534280400000,1534294800000
,3070,ndi524,1534280400000,1534294800000
,2915,vyw745,1534280400000,1534294800000
,3456,chb686,1534280400000,1534294800000
,1341,oly830,1534280400000,1534294800000
,2006,lhb653,1534280400000,1534294800000
,657,lka568,1534280400000,1534294800000
,1895,bfo406,1534280400000,1534294800000
,2584,jtk645,1534280400000,1534294800000
,2826,bzn244,1534280400000,1534294800000
,1407,udo349,1534280400000,1534294800000
,1277,upv355,1534280400000,1534294800000
,2855,cku519,1534280400000,1534294800000
,2216,tlj003,1534280400000,1534294800000
,898,tfh321,1534280400000,1534294800000
,1225,aym246,1534280400000,1534294800000
,1738,dqm191,1534280400000,1534294800000
,1378,jer846,1534280400000,1534294800000
,607,gux562,1534280400000,1534294800000
,2640,sce618,1534280400000,1534294800000
,2162,duf374,1534280400000,1534294800000
,680,anu520,1534280400000,1534294800000
,650,njn534,1534280400000,1534294800000
,539,oxk690,1534280400000,1534294800000
,502,eto037,1534280400000,1534294800000
,419,hxd860,1534280400000,1534294800000
,446,igd743,1534280400000,1534294800000
,3168,rue004,1534280400000,1534294800000
,2368,blm520,1534280400000,1534294800000
,1181,pib921,1534280400000,1534294800000
,964,gkl156,1534280400000,1534294800000
,2589,osc699,1534280400000,1534294800000
,443,ivv335,1534280400000,1534294800000
,115,gbg519,1534280400000,1534294800000
,1838,fnc786,1534280400000,1534294800000
,25,jke027,1534280400000,1534294800000
,1394,hsp520,1534280400000,1534294800000
,91,xdm123,1534280400000,1534294800000
,1114,wun569,1534280400000,1534294800000
,2235,goj552,1534280400000,1534294800000
,2496,pip441,1534280400000,1534294800000
,617,hvm338,1534280400000,1534294800000
,168,zqx729,1534280400000,1534294800000
,894,qzl757,1534280400000,1534294800000
,1144,ygf207,1534280400000,1534294800000
,968,eil357,1534280400000,1534294800000
,121,hhm613,1534280400000,1534294800000
,1019,pky698,1534280400000,1534294800000
,1052,rnt666,1534280400000,1534294800000
,587,zzb558,1534280400000,1534294800000
,1710,kwk210,1534280400000,1534294800000
,2196,jbg162,1534280400000,1534294800000
,2635,jnm894,1534280400000,1534294800000
,2357,dps421,1534280400000,1534294800000
,1399,xwt040,1534280400000,1534294800000
,1125,xhp050,1534280400000,1534294800000
,1226,oas013,1534280400000,1534294800000
,160,ggv273,1534280400000,1534294800000
,1978,igh782,1534280400000,1534294800000
,1240,rwq231,1534280400000,1534294800000
,1767,cfr527,1534280400000,1534294800000
,945,mfq913,1534280400000,1534294800000
,1602,vjn989,1534280400000,1534294800000
,2287,vgc643,1534280400000,1534294800000
,1808,jvs684,1534280400000,1534294800000
,2174,kqp244,1534280400000,1534294800000
,122,twy600,1534280400000,1534294800000
,832,dak105,1534280400000,1534294800000
,2239,bet778,1534280400000,1534294800000
,365,yol556,1534280400000,1534294800000
,2343,tdq832,1534280400000,1534294800000
,1053,npx791,1534280400000,1534294800000
,1255,dxi984,1534280400000,1534294800000
,1987,dsc626,1534280400000,1534294800000
,312,cuq289,1534280400000,1534294800000
,2123,prs479,1534280400000,1534294800000
,1516,ndz608,1534280400000,1534294800000
,1984,xjp763,1534280400000,1534294800000
,760,nwr252,1534280400000,1534294800000
,562,olh976,1534280400000,1534294800000
,489,biz439,1534280400000,1534294800000
,1220,xmq021,1534280400000,1534294800000
,1128,ywb412,1534280400000,1534294800000
,2328,qmh303,1534280400000,1534294800000
,991,jsd812,1534280400000,1534294800000
,1614,seo577,1534280400000,1534294800000
,1872,ufj548,1534280400000,1534294800000
,2115,usn849,1534280400000,1534294800000
,362,atk716,1534280400000,1534294800000
,1767,tht336,1534280400000,1534294800000
,529,ysy605,1534280400000,1534294800000
,2262,ogv221,1534280400000,1534294800000
,1332,lcm617,1534280400000,1534294800000
,249,taw314,1534280400000,1534294800000
,2135,xnf951,1534280400000,1534294800000
,239,qyz161,1534280400000,1534294800000
,961,wte541,1534280400000,1534294800000
,827,see334,1534280400000,1534294800000
,1151,bno340,1534280400000,1534294800000
,2045,oqs369,1534280400000,1534294800000
,1824,phf864,1534280400000,1534294800000
,858,lya236,1534280400000,1534294800000
,17,qsf293,1534280400000,1534294800000
,846,tye055,1534280400000,1534294800000
,1598,pqk406,1534280400000,1534294800000
,804,hkk043,1534280400000,1534294800000
,2121,gde288,1534280400000,1534294800000
,642,hbf748,1534280400000,1534294800000
,2063,nki261,1534280400000,1534294800000
,1888,wmf765,1534280400000,1534294800000
,520,ukh558,1534280400000,1534294800000
,1509,rds157,1534280400000,1534294800000
,840,hod547,1534280400000,1534294800000
,1183,mte686,1534280400000,1534294800000
,1232,frh491,1534280400000,1534294800000
,616,prk054,1534280400000,1534294800000
,514,cff176,1534280400000,1534294800000
,617,ukj735,1534280400000,1534294800000
,380,zjj892,1534280400000,1534294800000
,703,jpg743,1534280400000,1534294800000
,1751,icg916,1534280400000,1534294800000
,158,yqw921,1534280400000,1534294800000
,1887,zpa718,1534280400000,1534294800000
,1334,ini837,1534280400000,1534294800000
,1040,slq928,1534280400000,1534294800000
,902,btr201,1534280400000,1534294800000
,1068,rzl483,1534280400000,1534294800000
,64,aoc580,1534280400000,1534294800000
,498,zcq793,1534280400000,1534294800000
,299,kuo186,1534280400000,1534294800000
,848,bsg200,1534280400000,1534294800000
,916,knw588,1534280400000,1534294800000
,145,yjw543,1534280400000,1534294800000
,157,gla234,1534280400000,1534294800000
,1410,uhi142,1534280400000,1534294800000
,685,qhd223,1534280400000,1534294800000
,1650,caz250,1534280400000,1534294800000
,1296,rck982,1534280400000,1534294800000
,692,jny125,1534280400000,1534294800000
,675,bgw139,1534280400000,1534294800000
,981,mjt401,1534280400000,1534294800000
,1754,xwy578,1534280400000,1534294800000
,478,xjd732,1534280400000,1534294800000
,1519,iql629,1534280400000,1534294800000
,1163,ryk888,1534280400000,1534294800000
,1193,nda324,1534280400000,1534294800000
,49,tnr584,1534280400000,1534294800000
,1568,jsa488,1534280400000,1534294800000
,1358,uhf586,1534280400000,1534294800000
,1377,fzi628,1534280400000,1534294800000
,553,rme029,1534280400000,1534294800000
,1465,flo152,1534280400000,1534294800000
,172,oqg584,1534280400000,1534294800000
,1456,qqh276,1534280400000,1534294800000
,1370,srf796,1534280400000,1534294800000
,392,kyy763,1534280400000,1534294800000
,49,hro628,1534280400000,1534294800000
,1269,oxk230,1534280400000,1534294800000
,1047,tqt259,1534280400000,1534294800000
,1091,wyt495,1534280400000,1534294800000
,1063,lre892,1534280400000,1534294800000
,1006,rqn970,1534280400000,1534294800000
,142,hsb038,1534280400000,1534294800000
,1406,jux893,1534280400000,1534294800000
,92,fsn343,1534280400000,1534294800000
,106,nux210,1534280400000,1534294800000
,1019,arf090,1534280400000,1534294800000
,547,bwo364,1534280400000,1534294800000
,1575,jfi796,1534280400000,1534294800000
,1543,edd492,1534280400000,1534294800000
,903,vlk394,1534280400000,1534294800000
,822,zmo505,1534280400000,1534294800000
,89,iax993,1534280400000,1534294800000
,857,lip556,1534280400000,1534294800000
,1190,xoa418,1534280400000,1534294800000
,1350,bof208,1534280400000,1534294800000
,1281,spn649,1534280400000,1534294800000
,737,bcl317,1534280400000,1534294800000
,965,pfu425,1534280400000,1534294800000
,869,mqf892,1534280400000,1534294800000
,1464,huo147,1534280400000,1534294800000
,452,nnv845,1534280400000,1534294800000
,630,sap255,1534280400000,1534294800000
,1253,zhq494,1534280400000,1534294800000
,838,org361,1534280400000,1534294800000
,882,nil387,1534280400000,1534294800000
,292,kqw071,1534280400000,1534294800000
,646,buw812,1534280400000,1534294800000
,1395,pgw004,1534280400000,1534294800000
,136,uth084,1534280400000,1534294800000
,189,osh824,1534280400000,1534294800000
,980,wui903,1534280400000,1534294800000
,803,mgx570,1534280400000,1534294800000
,704,fxh543,1534280400000,1534294800000
,790,zvi280,1534280400000,1534294800000
,60,dcv499,1534280400000,1534294800000
,511,tsr328,1534280400000,1534294800000
,669,pyd904,1534280400000,1534294800000
,1273,par095,1534280400000,1534294800000
,544,acm101,1534280400000,1534294800000
,970,qjg986,1534280400000,1534294800000
,1307,tkk359,1534280400000,1534294800000
,984,aah402,1534280400000,1534294800000
,378,iop338,1534280400000,1534294800000
,1254,tuv780,1534280400000,1534294800000
,813,dez451,1534280400000,1534294800000
,1317,jkx618,1534280400000,1534294800000
,913,aji120,1534280400000,1534294800000
,213,fnn971,1534280400000,1534294800000
,1098,ukc113,1534280400000,1534294800000
,713,ykm655,1534280400000,1534294800000
,327,npo689,1534280400000,1534294800000
,326,guu104,1534280400000,1534294800000
,647,mpc172,1534280400000,1534294800000
,1101,tjz893,1534280400000,1534294800000
,153,yzb529,1534280400000,1534294800000
,15,nlu256,1534280400000,1534294800000
,295,snu028,1534280400000,1534294800000
,90,vht521,1534280400000,1534294800000
,1053,egj978,1534280400000,1534294800000
,198,irx922,1534280400000,1534294800000
,317,bzn620,1534280400000,1534294800000
,143,rot928,1534280400000,1534294800000
,586,kpq291,1534280400000,1534294800000
,813,qcj450,1534280400000,1534294800000
,947,bdf321,1534280400000,1534294800000
,644,scs983,1534280400000,1534294800000
,827,yuj507,1534280400000,1534294800000
,891,hdp948,1534280400000,1534294800000
,993,eyw780,1534280400000,1534294800000
,40,ntz549,1534280400000,1534294800000
,581,mou191,1534280400000,1534294800000
,1038,mhv366,1534280400000,1534294800000
,126,jzf845,1534280400000,1534294800000
,180,jlx208,1534280400000,1534294800000
,569,cdp143,1534280400000,1534294800000
,519,xve744,1534280400000,1534294800000
,733,eav882,1534280400000,1534294800000
,594,zdd244,1534280400000,1534294800000
,37,wtx330,1534280400000,1534294800000
,932,ure907,1534280400000,1534294800000
,941,ezk140,1534280400000,1534294800000
,725,dub596,1534280400000,1534294800000
,815,gcv672,1534280400000,1534294800000
,906,tll677,1534280400000,1534294800000
,281,gxv880,1534280400000,1534294800000
,326,gsw784,1534280400000,1534294800000
,639,ddh654,1534280400000,1534294800000
,286,epx925,1534280400000,1534294800000
,999,yca654,1534280400000,1534294800000
,148,xpo096,1534280400000,1534294800000
,384,ztl728,1534280400000,1534294800000
,837,cxp852,1534280400000,1534294800000
,584,duk295,1534280400000,1534294800000
,48,uew770,1534280400000,1534294800000
,85,hkb859,1534280400000,1534294800000
,760,jms471,1534280400000,1534294800000
,394,sqp125,1534280400000,1534294800000
,934,dsi320,1534280400000,1534294800000
,125,yky781,1534280400000,1534294800000
,699,rzb373,1534280400000,1534294800000
,89,vki522,1534280400000,1534294800000
,570,vox591,1534280400000,1534294800000
,420,mhn239,1534280400000,1534294800000
,265,gsu623,1534280400000,1534294800000
,58,lih340,1534280400000,1534294800000
,541,atz285,1534280400000,1534294800000
,329,ase477,1534280400000,1534294800000
,288,nrb101,1534280400000,1534294800000
,813,vrt871,1534280400000,1534294800000
,842,rsq409,1534280400000,1534294800000
,450,ilj874,1534280400000,1534294800000
,530,bnb102,1534280400000,1534294800000
,3,csi855,1534280400000,1534294800000
,492,iac849,1534280400000,1534294800000
,653,urg004,1534280400000,1534294800000
,162,giy769,1534280400000,1534294800000
,596,xmy374,1534280400000,1534294800000
,257,qym892,1534280400000,1534294800000
,130,qry571,1534280400000,1534294800000
,634,fab640,1534280400000,1534294800000
,411,puw252,1534280400000,1534294800000
,649,bsh563,1534280400000,1534294800000
,213,wvz958,1534280400000,1534294800000
,92,gwl948,1534280400000,1534294800000
,184,cvq402,1534280400000,1534294800000
,180,gpj001,1534280400000,1534294800000
,675,kuc258,1534280400000,1534294800000
,73,tyn758,1534280400000,1534294800000
,124,tvt815,1534280400000,1534294800000
,657,qpm979,1534280400000,1534294800000
,610,zoo525,1534280400000,1534294800000
,80,obe919,1534280400000,1534294800000
,370,pom801,1534280400000,1534294800000
,239,nxf025,1534280400000,1534294800000
,272,cqc469,1534280400000,1534294800000
,199,whe081,1534280400000,1534294800000
,282,oyr130,1534280400000,1534294800000
,119,snx220,1534280400000,1534294800000
,394,ron924,1534280400000,1534294800000
,168,yar209,1534280400000,1534294800000
,400,ckh836,1534280400000,1534294800000
,481,una771,1534280400000,1534294800000
,169,qxx456,1534280400000,1534294800000
,449,ioc714,1534280400000,1534294800000
,505,hqw583,1534280400000,1534294800000
,269,ekx205,1534280400000,1534294800000
,272,vly945,1534280400000,1534294800000
,85,uea753,1534280400000,1534294800000
,468,add441,1534280400000,1534294800000
,396,ckc112,1534280400000,1534294800000
,442,vcw454,1534280400000,1534294800000
,147,wrk198,1534280400000,1534294800000
,54,kyj309,1534280400000,1534294800000
,210,hgx769,1534280400000,1534294800000
,152,sap534,1534280400000,1534294800000
,498,ztu053,1534280400000,1534294800000
,388,aom071,1534280400000,1534294800000
,58,lte652,1534280400000,1534294800000
,247,rwp055,1534280400000,1534294800000
,432,xiw354,1534280400000,1534294800000
,92,xum529,1534280400000,1534294800000
,9,haz753,1534280400000,1534294800000
,146,ydi230,1534280400000,1534294800000
,13,nyb194,1534280400000,1534294800000
,380,msu635,1534280400000,1534294800000
,14,gyu836,1534280400000,1534294800000
,202,jod878,1534280400000,1534294800000
,113,hty647,1534280400000,1534294800000
,349,uds914,1534280400000,1534294800000
,288,cai983,1534280400000,1534294800000
,58,tyq292,1534280400000,1534294800000
,27,tcz163,1534280400000,1534294800000
,359,urk140,1534280400000,1534294800000
,356,pcb712,1534280400000,1534294800000
,36,ngn139,1534280400000,1534294800000
,209,zog194,1534280400000,1534294800000
,191,srd564,1534280400000,1534294800000
,115,cqa665,1534280400000,1534294800000
,44,wvw789,1534280400000,1534294800000
,6,tjc247,1534280400000,1534294800000
,297,gou870,1534280400000,1534294800000
,154,myl816,1534280400000,1534294800000
,55,vmb899,1534280400000,1534294800000
,318,ylh995,1534280400000,1534294800000
,86,pnx125,1534280400000,1534294800000
,44,njq884,1534280400000,1534294800000
,168,yfv387,1534280400000,1534294800000
,64,bgy278,1534280400000,1534294800000
,15,xlw601,1534280400000,1534294800000
,274,sak335,1534280400000,1534294800000
,86,gmy358,1534280400000,1534294800000
,12,psq084,1534280400000,1534294800000
,93,obo457,1534280400000,1534294800000
,165,opb813,1534280400000,1534294800000
,169,cin607,1534280400000,1534294800000
,265,lng487,1534280400000,1534294800000
,264,lcm843,1534280400000,1534294800000
,57,ufm227,1534280400000,1534294800000
,251,xww943,1534280400000,1534294800000
,145,hxi416,1534280400000,1534294800000
,202,vek981,1534280400000,1534294800000
,206,wts388,1534280400000,1534294800000
,40,gpr810,1534280400000,1534294800000
,171,wyd450,1534280400000,1534294800000
,163,ntc172,1534280400000,1534294800000
,145,gnr570,1534280400000,1534294800000
,98,nxa602,1534280400000,1534294800000
,104,urp655,1534280400000,1534294800000
,117,mty372,1534280400000,1534294800000
,130,xpf757,1534280400000,1534294800000
,153,gec595,1534280400000,1534294800000
,16,ssh863,1534280400000,1534294800000
,135,caz525,1534280400000,1534294800000
,120,scq850,1534280400000,1534294800000
,18,lek662,1534280400000,1534294800000
,25,sxs223,1534280400000,1534294800000
,61,nga658,1534280400000,1534294800000
,141,ktt462,1534280400000,1534294800000
,108,ysa355,1534280400000,1534294800000
,31,rxs803,1534280400000,1534294800000
,131,vrq964,1534280400000,1534294800000
,81,ldx400,1534280400000,1534294800000
,47,eed786,1534280400000,1534294800000
,107,aat140,1534280400000,1534294800000
,66,bfg154,1534280400000,1534294800000
,85,eth150,1534280400000,1534294800000
,7,src662,1534280400000,1534294800000
,45,zxw003,1534280400000,1534294800000
,6,uld139,1534280400000,1534294800000
,38,wkr573,1534280400000,1534294800000
,94,jan071,1534280400000,1534294800000
,76,dlw702,1534280400000,1534294800000
,60,dfg261,1534280400000,1534294800000
,49,dot325,1534280400000,1534294800000
,67,qln192,1534280400000,1534294800000
,26,ubm972,1534280400000,1534294800000
,68,egt099,1534280400000,1534294800000
,39,dpp495,1534280400000,1534294800000
,8,rsi610,1534280400000,1534294800000
,44,xea723,1534280400000,1534294800000
,55,nyl573,1534280400000,1534294800000
,25,etb552,1534280400000,1534294800000
,44,ega673,1534280400000,1534294800000
,32,dij622,1534280400000,1534294800000
,40,dpz282,1534280400000,1534294800000
,2,bng744,1534280400000,1534294800000
,20,mge650,1534280400000,1534294800000
,26,gxv824,1534280400000,1534294800000
,25,kcq646,1534280400000,1534294800000
,31,cha824,1534280400000,1534294800000
,2,gfo381,1534280400000,1534294800000
,4,ipr728,1534280400000,1534294800000
,24,dat150,1534280400000,1534294800000
,18,gqj485,1534280400000,1534294800000
,29,jlc363,1534280400000,1534294800000
,10,dam320,1534280400000,1534294800000
,3,gjb371,1534280400000,1534294800000
,29,djm884,1534280400000,1534294800000
,12,ten739,1534280400000,1534294800000
,24,jlo773,1534280400000,1534294800000
,34,sye661,1534280400000,1534294800000
,32,gzj873,1534280400000,1534294800000
,29,qey374,1534280400000,1534294800000
,23,rgi818,1534280400000,1534294800000
,7,srz964,1534280400000,1534294800000
,3,cji588,1534280400000,1534294800000
,9,fkm052,1534280400000,1534294800000
,1,fsp627,1534280400000,1534294800000
,21,lps202,1534280400000,1534294800000
,20,mfl836,1534280400000,1534294800000
,13,zae029,1534280400000,1534294800000
,12,bgn365,1534280400000,1534294800000
,12,zwl101,1534280400000,1534294800000
,11,ctx687,1534280400000,1534294800000
,18,rpj635,1534280400000,1534294800000
,4,mep042,1534280400000,1534294800000
,13,ozq318,1534280400000,1534294800000
,11,naz181,1534280400000,1534294800000
,5,mcm491,1534280400000,1534294800000
,4,zdx443,1534280400000,1534294800000
,3,nvy066,1534280400000,1534294800000
,7,oeu957,1534280400000,1534294800000
,6,nbw255,1534280400000,1534294800000
,3,zbr644,1534280400000,1534294800000
,0,ato744,1534280400000,1534294800000
,2,ulh807,1534280400000,1534294800000
,0,yjh109,1534280400000,1534294800000
,0,hrx722,1534280400000,1534294800000
,0,wtv311,1534280400000,1534294800000
,0,ypr333,1534280400000,1534294800000
,0,qio642,1534280400000,1534294800000